,src_port,dst_port,duration,total_fpackets,total_bpackets,total_fpktl,total_bpktl,min_fpktl,max_fpktl,mean_fpktl,std_fpktl,min_bpktl,max_bpktl,mean_bpktl,std_bpktl,flowBytesPerSecond,flowPktsPerSecond,mean_flowiat,std_flowiat,max_flowiat,min_flowiat,total_fiat,mean_fiat,std_fiat,max_fiat,min_fiat,total_biat,mean_biat,max_biat,min_biat,fpsh_cnt,bpsh_cnt,fPktsPerSecond,bPktsPerSecond,min_flowpktl,max_flowpktl,mean_flowpktl,std_flowpktl,var_flowpktl,flow_fin,flow_syn,flow_rst,flow_psh,flow_ack,downUpRatio,avgPacketSize,fAvgSegmentSize,bAvgSegmentSize,fAvgBytesPerBulk,fAvgPacketsPerBulk,fAvgBulkRate,bAvgPacketsPerBulk,bAvgBulkRate,fSubFlowAvgPkts,fSubFlowAvgBytes,bSubFlowAvgPkts,bSubFlowAvgBytes,fInitWinSize,bInitWinSize,fDataPkts,fHeaderSizeMin,mean_active_s,max_active_s
0,1,209,0,28,45,155,2,0,203,102,225,56,3,9,0,2,0,0,0,0,0,0,0,0,0,0,0,0,0,0,0,0,0,3,0,182,136,166,122,0,0,225,0,34,208,136,101,0,139,112,168,112,112,28,155,45,2,0,0,28,0,0,0
1,206,1,66,84,45,40,3,0,39,10,30,77,4,13,0,0,0,69,97,144,0,124,57,128,0,0,0,0,0,0,56,0,0,0,8,35,17,24,2,225,225,0,37,69,41,17,9,0,32,131,178,112,102,84,40,45,3,220,92,84,0,93,93
2,1,209,0,0,45,167,2,225,225,225,0,56,3,9,0,138,5,0,0,0,0,0,0,0,224,224,0,0,224,0,56,0,2,165,0,201,225,225,225,0,0,225,37,17,225,225,225,0,225,75,150,112,150,0,167,45,2,0,0,0,225,0,0
3,1,209,225,0,0,0,0,0,0,0,0,0,0,0,0,0,0,0,0,0,0,0,0,0,224,224,0,0,224,0,0,0,0,0,8,0,1,0,0,225,0,0,0,17,3,1,0,0,0,0,0,0,0,0,0,0,0,0,0,0,0,0,0
4,206,1,225,0,0,0,0,0,0,0,0,0,0,0,0,0,0,0,0,0,0,0,0,0,224,224,0,0,224,0,0,0,0,0,0,0,0,0,0,0,0,225,0,0,3,0,0,0,0,0,0,0,0,0,0,0,0,0,0,0,0,0,0
5,1,209,0,28,45,155,2,0,203,102,225,56,3,9,0,2,0,0,0,0,0,0,0,0,0,0,0,0,0,0,0,0,0,3,0,182,136,166,122,0,0,225,0,34,208,136,101,0,139,112,168,112,112,28,155,45,2,0,0,28,0,0,0
6,206,1,66,84,45,40,3,0,39,10,30,77,4,13,0,0,0,69,97,144,0,124,57,128,0,0,0,0,0,0,56,0,0,0,8,35,17,24,2,225,225,0,37,69,41,17,9,0,32,131,178,112,102,84,40,45,3,220,92,84,0,93,93
7,1,209,0,0,45,167,2,225,225,225,0,56,3,9,0,138,5,0,0,0,0,0,0,0,224,224,0,0,224,0,56,0,2,165,0,201,225,225,225,0,0,225,37,17,225,225,225,0,225,75,150,112,150,0,167,45,2,0,0,0,225,0,0
8,1,209,225,0,0,0,0,0,0,0,0,0,0,0,0,0,0,0,0,0,0,0,0,0,224,224,0,0,224,0,0,0,0,0,8,0,1,0,0,225,0,0,0,17,3,1,0,0,0,0,0,0,0,0,0,0,0,0,0,0,0,0,0
9,206,1,225,0,0,0,0,0,0,0,0,0,0,0,0,0,0,0,0,0,0,0,0,0,224,224,0,0,224,0,0,0,0,0,0,0,0,0,0,0,0,225,0,0,3,0,0,0,0,0,0,0,0,0,0,0,0,0,0,0,0,0,0
10,1,209,0,28,45,155,2,0,203,102,225,56,3,9,0,2,0,0,0,0,0,0,0,0,0,0,0,0,0,0,0,0,0,3,0,182,136,166,122,0,0,225,0,34,208,136,101,0,139,112,168,112,112,28,155,45,2,0,0,28,0,0,0
11,206,1,66,84,45,40,3,0,39,10,30,77,4,13,0,0,0,69,97,144,0,124,57,128,0,0,0,0,0,0,56,0,0,0,8,35,17,24,2,225,225,0,37,69,41,17,9,0,32,131,178,112,102,84,40,45,3,220,92,84,0,93,93
12,1,209,0,0,45,167,2,225,225,225,0,56,3,9,0,138,5,0,0,0,0,0,0,0,224,224,0,0,224,0,56,0,2,165,0,201,225,225,225,0,0,225,37,17,225,225,225,0,225,75,150,112,150,0,167,45,2,0,0,0,225,0,0
13,1,209,225,0,0,0,0,0,0,0,0,0,0,0,0,0,0,0,0,0,0,0,0,0,224,224,0,0,224,0,0,0,0,0,8,0,1,0,0,225,0,0,0,17,3,1,0,0,0,0,0,0,0,0,0,0,0,0,0,0,0,0,0
14,206,1,225,0,0,0,0,0,0,0,0,0,0,0,0,0,0,0,0,0,0,0,0,0,224,224,0,0,224,0,0,0,0,0,0,0,0,0,0,0,0,225,0,0,3,0,0,0,0,0,0,0,0,0,0,0,0,0,0,0,0,0,0
15,1,209,0,28,45,155,2,0,203,102,225,56,3,9,0,2,0,0,0,0,0,0,0,0,0,0,0,0,0,0,0,0,0,3,0,182,136,166,122,0,0,225,0,34,208,136,101,0,139,112,168,112,112,28,155,45,2,0,0,28,0,0,0
16,206,1,66,84,45,40,3,0,39,10,30,77,4,13,0,0,0,69,97,144,0,124,57,128,0,0,0,0,0,0,56,0,0,0,8,35,17,24,2,225,225,0,37,69,41,17,9,0,32,131,178,112,102,84,40,45,3,220,92,84,0,93,93
17,1,209,0,0,45,167,2,225,225,225,0,56,3,9,0,138,5,0,0,0,0,0,0,0,224,224,0,0,224,0,56,0,2,165,0,201,225,225,225,0,0,225,37,17,225,225,225,0,225,75,150,112,150,0,167,45,2,0,0,0,225,0,0
18,1,209,225,0,0,0,0,0,0,0,0,0,0,0,0,0,0,0,0,0,0,0,0,0,224,224,0,0,224,0,0,0,0,0,8,0,1,0,0,225,0,0,0,17,3,1,0,0,0,0,0,0,0,0,0,0,0,0,0,0,0,0,0
19,206,1,225,0,0,0,0,0,0,0,0,0,0,0,0,0,0,0,0,0,0,0,0,0,224,224,0,0,224,0,0,0,0,0,0,0,0,0,0,0,0,225,0,0,3,0,0,0,0,0,0,0,0,0,0,0,0,0,0,0,0,0,0
20,1,209,0,28,45,155,2,0,203,102,225,56,3,9,0,2,0,0,0,0,0,0,0,0,0,0,0,0,0,0,0,0,0,3,0,182,136,166,122,0,0,225,0,34,208,136,101,0,139,112,168,112,112,28,155,45,2,0,0,28,0,0,0
21,206,1,66,84,45,40,3,0,39,10,30,77,4,13,0,0,0,69,97,144,0,124,57,128,0,0,0,0,0,0,56,0,0,0,8,35,17,24,2,225,225,0,37,69,41,17,9,0,32,131,178,112,102,84,40,45,3,220,92,84,0,93,93
22,1,209,0,0,45,167,2,225,225,225,0,56,3,9,0,138,5,0,0,0,0,0,0,0,224,224,0,0,224,0,56,0,2,165,0,201,225,225,225,0,0,225,37,17,225,225,225,0,225,75,150,112,150,0,167,45,2,0,0,0,225,0,0
23,1,209,225,0,0,0,0,0,0,0,0,0,0,0,0,0,0,0,0,0,0,0,0,0,224,224,0,0,224,0,0,0,0,0,8,0,1,0,0,225,0,0,0,17,3,1,0,0,0,0,0,0,0,0,0,0,0,0,0,0,0,0,0
24,206,1,225,0,0,0,0,0,0,0,0,0,0,0,0,0,0,0,0,0,0,0,0,0,224,224,0,0,224,0,0,0,0,0,0,0,0,0,0,0,0,225,0,0,3,0,0,0,0,0,0,0,0,0,0,0,0,0,0,0,0,0,0
25,1,209,0,28,45,155,2,0,203,102,225,56,3,9,0,2,0,0,0,0,0,0,0,0,0,0,0,0,0,0,0,0,0,3,0,182,136,166,122,0,0,225,0,34,208,136,101,0,139,112,168,112,112,28,155,45,2,0,0,28,0,0,0
26,206,1,66,84,45,40,3,0,39,10,30,77,4,13,0,0,0,69,97,144,0,124,57,128,0,0,0,0,0,0,56,0,0,0,8,35,17,24,2,225,225,0,37,69,41,17,9,0,32,131,178,112,102,84,40,45,3,220,92,84,0,93,93
27,1,209,0,0,45,167,2,225,225,225,0,56,3,9,0,138,5,0,0,0,0,0,0,0,224,224,0,0,224,0,56,0,2,165,0,201,225,225,225,0,0,225,37,17,225,225,225,0,225,75,150,112,150,0,167,45,2,0,0,0,225,0,0
28,1,209,225,0,0,0,0,0,0,0,0,0,0,0,0,0,0,0,0,0,0,0,0,0,224,224,0,0,224,0,0,0,0,0,8,0,1,0,0,225,0,0,0,17,3,1,0,0,0,0,0,0,0,0,0,0,0,0,0,0,0,0,0
29,206,1,225,0,0,0,0,0,0,0,0,0,0,0,0,0,0,0,0,0,0,0,0,0,224,224,0,0,224,0,0,0,0,0,0,0,0,0,0,0,0,225,0,0,3,0,0,0,0,0,0,0,0,0,0,0,0,0,0,0,0,0,0
30,1,209,0,28,45,155,2,0,203,102,225,56,3,9,0,2,0,0,0,0,0,0,0,0,0,0,0,0,0,0,0,0,0,3,0,182,136,166,122,0,0,225,0,34,208,136,101,0,139,112,168,112,112,28,155,45,2,0,0,28,0,0,0
31,206,1,66,84,45,40,3,0,39,10,30,77,4,13,0,0,0,69,97,144,0,124,57,128,0,0,0,0,0,0,56,0,0,0,8,35,17,24,2,225,225,0,37,69,41,17,9,0,32,131,178,112,102,84,40,45,3,220,92,84,0,93,93
32,1,209,0,0,45,167,2,225,225,225,0,56,3,9,0,138,5,0,0,0,0,0,0,0,224,224,0,0,224,0,56,0,2,165,0,201,225,225,225,0,0,225,37,17,225,225,225,0,225,75,150,112,150,0,167,45,2,0,0,0,225,0,0
33,1,209,225,0,0,0,0,0,0,0,0,0,0,0,0,0,0,0,0,0,0,0,0,0,224,224,0,0,224,0,0,0,0,0,8,0,1,0,0,225,0,0,0,17,3,1,0,0,0,0,0,0,0,0,0,0,0,0,0,0,0,0,0
34,206,1,225,0,0,0,0,0,0,0,0,0,0,0,0,0,0,0,0,0,0,0,0,0,224,224,0,0,224,0,0,0,0,0,0,0,0,0,0,0,0,225,0,0,3,0,0,0,0,0,0,0,0,0,0,0,0,0,0,0,0,0,0
35,1,209,0,28,45,155,2,0,203,102,225,56,3,9,0,2,0,0,0,0,0,0,0,0,0,0,0,0,0,0,0,0,0,3,0,182,136,166,122,0,0,225,0,34,208,136,101,0,139,112,168,112,112,28,155,45,2,0,0,28,0,0,0
36,206,1,66,84,45,40,3,0,39,10,30,77,4,13,0,0,0,69,97,144,0,124,57,128,0,0,0,0,0,0,56,0,0,0,8,35,17,24,2,225,225,0,37,69,41,17,9,0,32,131,178,112,102,84,40,45,3,220,92,84,0,93,93
37,1,209,0,0,45,167,2,225,225,225,0,56,3,9,0,138,5,0,0,0,0,0,0,0,224,224,0,0,224,0,56,0,2,165,0,201,225,225,225,0,0,225,37,17,225,225,225,0,225,75,150,112,150,0,167,45,2,0,0,0,225,0,0
38,1,209,225,0,0,0,0,0,0,0,0,0,0,0,0,0,0,0,0,0,0,0,0,0,224,224,0,0,224,0,0,0,0,0,8,0,1,0,0,225,0,0,0,17,3,1,0,0,0,0,0,0,0,0,0,0,0,0,0,0,0,0,0
39,206,1,225,0,0,0,0,0,0,0,0,0,0,0,0,0,0,0,0,0,0,0,0,0,224,224,0,0,224,0,0,0,0,0,0,0,0,0,0,0,0,225,0,0,3,0,0,0,0,0,0,0,0,0,0,0,0,0,0,0,0,0,0
40,1,209,0,28,45,155,2,0,203,102,225,56,3,9,0,2,0,0,0,0,0,0,0,0,0,0,0,0,0,0,0,0,0,3,0,182,136,166,122,0,0,225,0,34,208,136,101,0,139,112,168,112,112,28,155,45,2,0,0,28,0,0,0
41,206,1,66,84,45,40,3,0,39,10,30,77,4,13,0,0,0,69,97,144,0,124,57,128,0,0,0,0,0,0,56,0,0,0,8,35,17,24,2,225,225,0,37,69,41,17,9,0,32,131,178,112,102,84,40,45,3,220,92,84,0,93,93
42,1,209,0,0,45,167,2,225,225,225,0,56,3,9,0,138,5,0,0,0,0,0,0,0,224,224,0,0,224,0,56,0,2,165,0,201,225,225,225,0,0,225,37,17,225,225,225,0,225,75,150,112,150,0,167,45,2,0,0,0,225,0,0
43,1,209,225,0,0,0,0,0,0,0,0,0,0,0,0,0,0,0,0,0,0,0,0,0,224,224,0,0,224,0,0,0,0,0,8,0,1,0,0,225,0,0,0,17,3,1,0,0,0,0,0,0,0,0,0,0,0,0,0,0,0,0,0
44,206,1,225,0,0,0,0,0,0,0,0,0,0,0,0,0,0,0,0,0,0,0,0,0,224,224,0,0,224,0,0,0,0,0,0,0,0,0,0,0,0,225,0,0,3,0,0,0,0,0,0,0,0,0,0,0,0,0,0,0,0,0,0
45,1,209,0,28,45,155,2,0,203,102,225,56,3,9,0,2,0,0,0,0,0,0,0,0,0,0,0,0,0,0,0,0,0,3,0,182,136,166,122,0,0,225,0,34,208,136,101,0,139,112,168,112,112,28,155,45,2,0,0,28,0,0,0
46,206,1,66,84,45,40,3,0,39,10,30,77,4,13,0,0,0,69,97,144,0,124,57,128,0,0,0,0,0,0,56,0,0,0,8,35,17,24,2,225,225,0,37,69,41,17,9,0,32,131,178,112,102,84,40,45,3,220,92,84,0,93,93
47,1,209,0,0,45,167,2,225,225,225,0,56,3,9,0,138,5,0,0,0,0,0,0,0,224,224,0,0,224,0,56,0,2,165,0,201,225,225,225,0,0,225,37,17,225,225,225,0,225,75,150,112,150,0,167,45,2,0,0,0,225,0,0
48,1,209,225,0,0,0,0,0,0,0,0,0,0,0,0,0,0,0,0,0,0,0,0,0,224,224,0,0,224,0,0,0,0,0,8,0,1,0,0,225,0,0,0,17,3,1,0,0,0,0,0,0,0,0,0,0,0,0,0,0,0,0,0
49,206,1,225,0,0,0,0,0,0,0,0,0,0,0,0,0,0,0,0,0,0,0,0,0,224,224,0,0,224,0,0,0,0,0,0,0,0,0,0,0,0,225,0,0,3,0,0,0,0,0,0,0,0,0,0,0,0,0,0,0,0,0,0
50,217,1,26,0,45,0,2,0,0,0,0,56,3,9,0,0,0,113,0,70,113,0,0,0,224,224,0,0,224,0,0,0,0,0,0,0,0,0,0,0,0,225,0,17,3,0,0,0,4,75,225,112,225,0,0,45,2,1,0,0,0,38,38
51,1,148,225,0,0,0,0,0,0,0,0,0,0,0,0,0,0,0,0,0,0,0,0,0,224,224,0,0,224,0,0,0,0,0,8,0,1,0,0,225,0,0,0,17,3,1,0,0,0,0,0,0,0,0,0,0,0,0,0,0,0,0,0
52,145,1,0,84,90,12,8,0,1,1,0,94,6,17,1,0,0,0,0,0,0,0,0,0,0,0,0,0,0,0,0,225,0,3,8,3,3,1,0,225,0,0,75,103,4,3,0,6,8,187,160,168,96,84,12,90,8,1,0,84,0,0,0
53,1,173,225,0,0,0,0,0,0,0,0,0,0,0,0,0,0,0,0,0,0,0,0,0,224,224,0,0,224,0,0,0,0,0,0,0,0,0,0,0,0,225,0,17,3,0,0,0,0,0,0,0,0,0,0,0,0,0,0,0,0,0,0
54,1,209,225,0,0,0,0,0,0,0,0,0,0,0,0,0,0,0,0,0,0,0,0,0,224,224,0,0,224,0,0,0,0,0,8,0,1,0,0,225,0,0,0,17,3,1,0,0,0,0,0,0,0,0,0,0,0,0,0,0,0,0,0
55,1,173,225,0,0,0,0,0,0,0,0,0,0,0,0,0,0,0,0,0,0,0,0,0,224,224,0,0,224,0,0,0,0,0,0,0,0,0,0,0,0,225,0,17,3,0,0,0,0,0,0,0,0,0,0,0,0,0,0,0,0,0,0
56,1,209,0,28,45,8,2,3,4,3,1,69,4,11,0,3,2,0,0,0,0,0,0,0,0,0,0,0,0,0,112,0,1,49,8,3,5,2,0,225,0,0,75,51,11,5,2,0,9,112,168,112,112,28,8,45,2,0,1,28,3,0,0
57,206,1,225,0,0,0,0,0,0,0,0,0,0,0,0,0,0,0,0,0,0,0,0,0,224,224,0,0,224,0,0,0,0,0,8,0,1,0,0,225,0,0,0,17,3,1,0,0,0,0,0,0,0,0,0,0,0,1,0,0,0,0,0
58,1,148,225,0,0,0,0,0,0,0,0,0,0,0,0,0,0,0,0,0,0,0,0,0,224,224,0,0,224,0,0,0,0,0,8,0,1,0,0,225,0,0,0,17,3,1,0,0,0,0,0,0,0,0,0,0,0,0,0,0,0,0,0
59,145,1,225,0,0,0,0,0,0,0,0,0,0,0,0,0,0,0,0,0,0,0,0,0,224,224,0,0,224,0,0,0,0,0,8,0,1,0,0,225,0,0,0,17,3,1,0,0,0,0,0,0,0,0,0,0,0,1,0,0,0,0,0
60,1,148,225,0,0,0,0,0,0,0,0,0,0,0,0,0,0,0,0,0,0,0,0,0,224,224,0,0,224,0,0,0,0,0,8,0,1,0,0,225,0,0,0,17,3,1,0,0,0,0,0,0,0,0,0,0,0,0,0,0,0,0,0
61,179,1,67,28,45,3,3,0,1,0,1,77,4,13,0,0,0,143,178,178,0,128,178,0,0,0,0,0,0,0,0,0,0,0,0,1,1,1,0,0,225,225,0,17,5,1,0,0,9,75,168,112,168,28,3,45,3,220,92,28,0,96,96
62,0,194,0,28,0,4,0,0,0,0,0,0,0,0,0,0,0,0,0,0,0,0,0,0,0,0,0,0,0,0,0,0,0,0,8,0,1,0,0,225,0,0,0,34,3,1,0,0,0,0,0,0,0,28,4,0,0,1,0,28,0,0,0
63,191,0,0,56,45,8,9,0,1,1,0,225,13,38,0,0,0,0,0,0,0,0,0,0,0,0,0,0,0,0,0,112,0,2,8,10,7,7,0,225,0,0,37,69,2,7,0,28,7,150,180,112,90,56,8,45,9,1,1,56,0,0,0
64,158,1,225,0,0,0,0,0,0,0,0,0,0,0,0,0,0,0,0,0,0,0,0,0,224,224,0,0,224,0,0,0,0,0,8,0,1,0,0,0,0,225,0,17,3,1,0,0,0,0,0,0,0,0,0,0,0,1,0,0,0,0,0
65,1,133,0,0,45,2,2,3,3,3,0,56,3,9,0,7,6,0,0,0,0,0,0,0,224,224,0,0,224,0,56,0,3,186,0,2,3,3,0,0,0,225,37,17,6,3,2,0,6,75,150,112,150,0,2,45,2,0,0,0,3,0,0
66,131,1,225,0,0,0,0,0,0,0,0,0,0,0,0,0,0,0,0,0,0,0,0,0,224,224,0,0,224,0,0,0,0,0,8,0,1,0,0,225,0,0,0,17,3,1,0,0,0,0,0,0,0,0,0,0,0,1,0,0,0,0,0
67,1,211,0,28,0,4,0,0,0,0,0,0,0,0,0,0,0,1,0,0,1,0,0,0,0,0,0,0,0,0,0,0,0,0,8,0,1,0,0,225,0,0,0,34,3,1,0,0,0,0,0,0,0,28,4,0,0,0,0,28,0,0,0
68,218,1,225,0,0,0,0,0,0,0,0,0,0,0,0,0,0,0,0,0,0,0,0,0,224,224,0,0,224,0,0,0,0,0,8,0,1,0,0,225,0,0,0,17,3,1,0,0,0,0,0,0,0,0,0,0,0,1,0,0,0,0,0
69,207,1,225,0,0,0,0,0,0,0,0,0,0,0,0,0,0,0,0,0,0,0,0,0,224,224,0,0,224,0,0,0,0,0,0,0,0,0,0,0,0,225,0,0,3,0,0,0,0,0,0,0,0,0,0,0,0,0,0,0,0,0,0
70,176,1,225,0,0,0,0,0,0,0,0,0,0,0,0,0,0,0,0,0,0,0,0,0,224,224,0,0,224,0,0,0,0,0,8,0,1,0,0,0,0,225,0,17,3,1,0,0,0,0,0,0,0,0,0,0,0,1,0,0,0,0,0
71,1,210,0,28,0,4,0,0,0,0,0,0,0,0,0,225,225,0,0,0,0,0,0,0,0,0,0,0,0,0,0,0,225,0,8,0,1,0,0,225,0,0,0,34,3,1,0,0,0,0,0,0,0,28,4,0,0,0,0,28,0,0,0
72,207,1,225,0,0,0,0,0,0,0,0,0,0,0,0,0,0,0,0,0,0,0,0,0,224,224,0,0,224,0,0,0,0,0,8,0,1,0,0,225,0,0,0,17,3,1,0,0,0,0,0,0,0,0,0,0,0,1,0,0,0,0,0
73,207,1,225,0,0,0,0,0,0,0,0,0,0,0,0,0,0,0,0,0,0,0,0,0,224,224,0,0,224,0,0,0,0,0,0,0,0,0,0,0,0,225,0,0,3,0,0,0,0,0,0,0,0,0,0,0,0,0,0,0,0,0,0
74,207,1,225,0,0,0,0,0,0,0,0,0,0,0,0,0,0,0,0,0,0,0,0,0,224,224,0,0,224,0,0,0,0,0,8,0,1,0,0,225,0,0,0,17,3,1,0,0,0,0,0,0,0,0,0,0,0,1,0,0,0,0,0
75,1,133,0,28,0,4,0,0,0,0,0,0,0,0,0,0,0,4,0,2,4,1,2,0,0,0,0,0,0,0,0,0,0,0,8,0,1,0,0,225,0,0,0,34,3,1,0,0,0,0,0,0,0,28,4,0,0,0,0,28,0,1,1
76,1,211,0,0,45,2,2,3,3,3,0,56,3,9,0,4,4,0,0,0,0,0,0,0,224,224,0,0,224,0,56,0,2,123,0,2,3,3,0,0,0,225,37,17,6,3,2,0,6,75,150,112,150,0,2,45,2,0,0,0,3,0,0
77,131,1,225,0,0,0,0,0,0,0,0,0,0,0,0,0,0,0,0,0,0,0,0,0,224,224,0,0,224,0,0,0,0,0,0,0,0,0,0,0,0,225,0,0,3,0,0,0,0,0,0,0,0,0,0,0,0,0,0,0,0,0,0
78,1,210,0,0,45,2,2,3,3,3,0,56,3,9,0,2,2,0,0,0,0,0,0,0,224,224,0,0,224,0,56,0,1,60,0,2,3,3,0,0,0,225,37,17,6,3,2,0,6,75,150,112,150,0,2,45,2,0,0,0,3,0,0
79,1,222,4,28,0,4,0,0,0,0,0,0,0,0,0,0,0,20,0,12,20,9,12,0,0,0,0,0,0,0,0,0,0,0,8,0,1,0,0,225,0,0,0,34,3,1,0,0,0,0,0,0,0,28,4,0,0,0,0,28,0,6,6
80,218,1,225,0,0,0,0,0,0,0,0,0,0,0,0,0,0,0,0,0,0,0,0,0,224,224,0,0,224,0,0,0,0,0,0,0,0,0,0,0,0,225,0,0,3,0,0,0,0,0,0,0,0,0,0,0,0,0,0,0,0,0,0
81,1,222,0,0,45,2,2,3,3,3,0,56,3,9,0,4,3,0,0,0,0,0,0,0,224,224,0,0,224,0,56,0,1,110,0,2,3,3,0,0,0,225,37,17,6,3,2,0,6,75,150,112,150,0,2,45,2,0,0,0,3,0,0
82,217,1,26,0,45,0,2,0,0,0,0,56,3,9,0,0,0,113,0,70,113,0,0,0,224,224,0,0,224,0,0,0,0,0,0,0,0,0,0,0,0,225,0,17,3,0,0,0,4,75,225,112,225,0,0,45,2,1,0,0,0,38,38
83,1,148,225,0,0,0,0,0,0,0,0,0,0,0,0,0,0,0,0,0,0,0,0,0,224,224,0,0,224,0,0,0,0,0,8,0,1,0,0,225,0,0,0,17,3,1,0,0,0,0,0,0,0,0,0,0,0,0,0,0,0,0,0
84,145,1,0,84,90,12,8,0,1,1,0,94,6,17,1,0,0,0,0,0,0,0,0,0,0,0,0,0,0,0,0,225,0,3,8,3,3,1,0,225,0,0,75,103,4,3,0,6,8,187,160,168,96,84,12,90,8,1,0,84,0,0,0
85,1,173,225,0,0,0,0,0,0,0,0,0,0,0,0,0,0,0,0,0,0,0,0,0,224,224,0,0,224,0,0,0,0,0,0,0,0,0,0,0,0,225,0,17,3,0,0,0,0,0,0,0,0,0,0,0,0,0,0,0,0,0,0
86,1,209,225,0,0,0,0,0,0,0,0,0,0,0,0,0,0,0,0,0,0,0,0,0,224,224,0,0,224,0,0,0,0,0,8,0,1,0,0,225,0,0,0,17,3,1,0,0,0,0,0,0,0,0,0,0,0,0,0,0,0,0,0
87,1,173,225,0,0,0,0,0,0,0,0,0,0,0,0,0,0,0,0,0,0,0,0,0,224,224,0,0,224,0,0,0,0,0,0,0,0,0,0,0,0,225,0,17,3,0,0,0,0,0,0,0,0,0,0,0,0,0,0,0,0,0,0
88,1,209,0,28,45,8,2,3,4,3,1,69,4,11,0,3,2,0,0,0,0,0,0,0,0,0,0,0,0,0,112,0,1,49,8,3,5,2,0,225,0,0,75,51,11,5,2,0,9,112,168,112,112,28,8,45,2,0,1,28,3,0,0
89,206,1,225,0,0,0,0,0,0,0,0,0,0,0,0,0,0,0,0,0,0,0,0,0,224,224,0,0,224,0,0,0,0,0,8,0,1,0,0,225,0,0,0,17,3,1,0,0,0,0,0,0,0,0,0,0,0,1,0,0,0,0,0
90,1,148,225,0,0,0,0,0,0,0,0,0,0,0,0,0,0,0,0,0,0,0,0,0,224,224,0,0,224,0,0,0,0,0,8,0,1,0,0,225,0,0,0,17,3,1,0,0,0,0,0,0,0,0,0,0,0,0,0,0,0,0,0
91,145,1,225,0,0,0,0,0,0,0,0,0,0,0,0,0,0,0,0,0,0,0,0,0,224,224,0,0,224,0,0,0,0,0,8,0,1,0,0,225,0,0,0,17,3,1,0,0,0,0,0,0,0,0,0,0,0,1,0,0,0,0,0
92,1,148,225,0,0,0,0,0,0,0,0,0,0,0,0,0,0,0,0,0,0,0,0,0,224,224,0,0,224,0,0,0,0,0,8,0,1,0,0,225,0,0,0,17,3,1,0,0,0,0,0,0,0,0,0,0,0,0,0,0,0,0,0
93,179,1,67,28,45,3,3,0,1,0,1,77,4,13,0,0,0,143,178,178,0,128,178,0,0,0,0,0,0,0,0,0,0,0,0,1,1,1,0,0,225,225,0,17,5,1,0,0,9,75,168,112,168,28,3,45,3,220,92,28,0,96,96
94,0,194,0,28,0,4,0,0,0,0,0,0,0,0,0,0,0,0,0,0,0,0,0,0,0,0,0,0,0,0,0,0,0,0,8,0,1,0,0,225,0,0,0,34,3,1,0,0,0,0,0,0,0,28,4,0,0,1,0,28,0,0,0
95,191,0,0,56,45,8,9,0,1,1,0,225,13,38,0,0,0,0,0,0,0,0,0,0,0,0,0,0,0,0,0,112,0,2,8,10,7,7,0,225,0,0,37,69,2,7,0,28,7,150,180,112,90,56,8,45,9,1,1,56,0,0,0
96,158,1,225,0,0,0,0,0,0,0,0,0,0,0,0,0,0,0,0,0,0,0,0,0,224,224,0,0,224,0,0,0,0,0,8,0,1,0,0,0,0,225,0,17,3,1,0,0,0,0,0,0,0,0,0,0,0,1,0,0,0,0,0
97,1,133,0,0,45,2,2,3,3,3,0,56,3,9,0,7,6,0,0,0,0,0,0,0,224,224,0,0,224,0,56,0,3,186,0,2,3,3,0,0,0,225,37,17,6,3,2,0,6,75,150,112,150,0,2,45,2,0,0,0,3,0,0
98,131,1,225,0,0,0,0,0,0,0,0,0,0,0,0,0,0,0,0,0,0,0,0,0,224,224,0,0,224,0,0,0,0,0,8,0,1,0,0,225,0,0,0,17,3,1,0,0,0,0,0,0,0,0,0,0,0,1,0,0,0,0,0
99,1,211,0,28,0,4,0,0,0,0,0,0,0,0,0,0,0,1,0,0,1,0,0,0,0,0,0,0,0,0,0,0,0,0,8,0,1,0,0,225,0,0,0,34,3,1,0,0,0,0,0,0,0,28,4,0,0,0,0,28,0,0,0
100,218,1,225,0,0,0,0,0,0,0,0,0,0,0,0,0,0,0,0,0,0,0,0,0,224,224,0,0,224,0,0,0,0,0,8,0,1,0,0,225,0,0,0,17,3,1,0,0,0,0,0,0,0,0,0,0,0,1,0,0,0,0,0
101,207,1,225,0,0,0,0,0,0,0,0,0,0,0,0,0,0,0,0,0,0,0,0,0,224,224,0,0,224,0,0,0,0,0,0,0,0,0,0,0,0,225,0,0,3,0,0,0,0,0,0,0,0,0,0,0,0,0,0,0,0,0,0
102,176,1,225,0,0,0,0,0,0,0,0,0,0,0,0,0,0,0,0,0,0,0,0,0,224,224,0,0,224,0,0,0,0,0,8,0,1,0,0,0,0,225,0,17,3,1,0,0,0,0,0,0,0,0,0,0,0,1,0,0,0,0,0
103,1,210,0,28,0,4,0,0,0,0,0,0,0,0,0,225,225,0,0,0,0,0,0,0,0,0,0,0,0,0,0,0,225,0,8,0,1,0,0,225,0,0,0,34,3,1,0,0,0,0,0,0,0,28,4,0,0,0,0,28,0,0,0
104,207,1,225,0,0,0,0,0,0,0,0,0,0,0,0,0,0,0,0,0,0,0,0,0,224,224,0,0,224,0,0,0,0,0,8,0,1,0,0,225,0,0,0,17,3,1,0,0,0,0,0,0,0,0,0,0,0,1,0,0,0,0,0
105,207,1,225,0,0,0,0,0,0,0,0,0,0,0,0,0,0,0,0,0,0,0,0,0,224,224,0,0,224,0,0,0,0,0,0,0,0,0,0,0,0,225,0,0,3,0,0,0,0,0,0,0,0,0,0,0,0,0,0,0,0,0,0
106,207,1,225,0,0,0,0,0,0,0,0,0,0,0,0,0,0,0,0,0,0,0,0,0,224,224,0,0,224,0,0,0,0,0,8,0,1,0,0,225,0,0,0,17,3,1,0,0,0,0,0,0,0,0,0,0,0,1,0,0,0,0,0
107,1,133,0,28,0,4,0,0,0,0,0,0,0,0,0,0,0,4,0,2,4,1,2,0,0,0,0,0,0,0,0,0,0,0,8,0,1,0,0,225,0,0,0,34,3,1,0,0,0,0,0,0,0,28,4,0,0,0,0,28,0,1,1
108,1,211,0,0,45,2,2,3,3,3,0,56,3,9,0,4,4,0,0,0,0,0,0,0,224,224,0,0,224,0,56,0,2,123,0,2,3,3,0,0,0,225,37,17,6,3,2,0,6,75,150,112,150,0,2,45,2,0,0,0,3,0,0
109,131,1,225,0,0,0,0,0,0,0,0,0,0,0,0,0,0,0,0,0,0,0,0,0,224,224,0,0,224,0,0,0,0,0,0,0,0,0,0,0,0,225,0,0,3,0,0,0,0,0,0,0,0,0,0,0,0,0,0,0,0,0,0
110,1,210,0,0,45,2,2,3,3,3,0,56,3,9,0,2,2,0,0,0,0,0,0,0,224,224,0,0,224,0,56,0,1,60,0,2,3,3,0,0,0,225,37,17,6,3,2,0,6,75,150,112,150,0,2,45,2,0,0,0,3,0,0
111,1,222,4,28,0,4,0,0,0,0,0,0,0,0,0,0,0,20,0,12,20,9,12,0,0,0,0,0,0,0,0,0,0,0,8,0,1,0,0,225,0,0,0,34,3,1,0,0,0,0,0,0,0,28,4,0,0,0,0,28,0,6,6
112,218,1,225,0,0,0,0,0,0,0,0,0,0,0,0,0,0,0,0,0,0,0,0,0,224,224,0,0,224,0,0,0,0,0,0,0,0,0,0,0,0,225,0,0,3,0,0,0,0,0,0,0,0,0,0,0,0,0,0,0,0,0,0
113,1,222,0,0,45,2,2,3,3,3,0,56,3,9,0,4,3,0,0,0,0,0,0,0,224,224,0,0,224,0,56,0,1,110,0,2,3,3,0,0,0,225,37,17,6,3,2,0,6,75,150,112,150,0,2,45,2,0,0,0,3,0,0
114,217,1,26,0,45,0,2,0,0,0,0,56,3,9,0,0,0,113,0,70,113,0,0,0,224,224,0,0,224,0,0,0,0,0,0,0,0,0,0,0,0,225,0,17,3,0,0,0,4,75,225,112,225,0,0,45,2,1,0,0,0,38,38
115,1,148,225,0,0,0,0,0,0,0,0,0,0,0,0,0,0,0,0,0,0,0,0,0,224,224,0,0,224,0,0,0,0,0,8,0,1,0,0,225,0,0,0,17,3,1,0,0,0,0,0,0,0,0,0,0,0,0,0,0,0,0,0
116,145,1,0,84,90,12,8,0,1,1,0,94,6,17,1,0,0,0,0,0,0,0,0,0,0,0,0,0,0,0,0,225,0,3,8,3,3,1,0,225,0,0,75,103,4,3,0,6,8,187,160,168,96,84,12,90,8,1,0,84,0,0,0
117,1,173,225,0,0,0,0,0,0,0,0,0,0,0,0,0,0,0,0,0,0,0,0,0,224,224,0,0,224,0,0,0,0,0,0,0,0,0,0,0,0,225,0,17,3,0,0,0,0,0,0,0,0,0,0,0,0,0,0,0,0,0,0
118,1,209,225,0,0,0,0,0,0,0,0,0,0,0,0,0,0,0,0,0,0,0,0,0,224,224,0,0,224,0,0,0,0,0,8,0,1,0,0,225,0,0,0,17,3,1,0,0,0,0,0,0,0,0,0,0,0,0,0,0,0,0,0
119,1,173,225,0,0,0,0,0,0,0,0,0,0,0,0,0,0,0,0,0,0,0,0,0,224,224,0,0,224,0,0,0,0,0,0,0,0,0,0,0,0,225,0,17,3,0,0,0,0,0,0,0,0,0,0,0,0,0,0,0,0,0,0
120,1,209,0,28,45,8,2,3,4,3,1,69,4,11,0,3,2,0,0,0,0,0,0,0,0,0,0,0,0,0,112,0,1,49,8,3,5,2,0,225,0,0,75,51,11,5,2,0,9,112,168,112,112,28,8,45,2,0,1,28,3,0,0
121,206,1,225,0,0,0,0,0,0,0,0,0,0,0,0,0,0,0,0,0,0,0,0,0,224,224,0,0,224,0,0,0,0,0,8,0,1,0,0,225,0,0,0,17,3,1,0,0,0,0,0,0,0,0,0,0,0,1,0,0,0,0,0
122,1,148,225,0,0,0,0,0,0,0,0,0,0,0,0,0,0,0,0,0,0,0,0,0,224,224,0,0,224,0,0,0,0,0,8,0,1,0,0,225,0,0,0,17,3,1,0,0,0,0,0,0,0,0,0,0,0,0,0,0,0,0,0
123,145,1,225,0,0,0,0,0,0,0,0,0,0,0,0,0,0,0,0,0,0,0,0,0,224,224,0,0,224,0,0,0,0,0,8,0,1,0,0,225,0,0,0,17,3,1,0,0,0,0,0,0,0,0,0,0,0,1,0,0,0,0,0
124,1,148,225,0,0,0,0,0,0,0,0,0,0,0,0,0,0,0,0,0,0,0,0,0,224,224,0,0,224,0,0,0,0,0,8,0,1,0,0,225,0,0,0,17,3,1,0,0,0,0,0,0,0,0,0,0,0,0,0,0,0,0,0
125,179,1,67,28,45,3,3,0,1,0,1,77,4,13,0,0,0,143,178,178,0,128,178,0,0,0,0,0,0,0,0,0,0,0,0,1,1,1,0,0,225,225,0,17,5,1,0,0,9,75,168,112,168,28,3,45,3,220,92,28,0,96,96
126,0,194,0,28,0,4,0,0,0,0,0,0,0,0,0,0,0,0,0,0,0,0,0,0,0,0,0,0,0,0,0,0,0,0,8,0,1,0,0,225,0,0,0,34,3,1,0,0,0,0,0,0,0,28,4,0,0,1,0,28,0,0,0
127,191,0,0,56,45,8,9,0,1,1,0,225,13,38,0,0,0,0,0,0,0,0,0,0,0,0,0,0,0,0,0,112,0,2,8,10,7,7,0,225,0,0,37,69,2,7,0,28,7,150,180,112,90,56,8,45,9,1,1,56,0,0,0
128,158,1,225,0,0,0,0,0,0,0,0,0,0,0,0,0,0,0,0,0,0,0,0,0,224,224,0,0,224,0,0,0,0,0,8,0,1,0,0,0,0,225,0,17,3,1,0,0,0,0,0,0,0,0,0,0,0,1,0,0,0,0,0
129,1,133,0,0,45,2,2,3,3,3,0,56,3,9,0,7,6,0,0,0,0,0,0,0,224,224,0,0,224,0,56,0,3,186,0,2,3,3,0,0,0,225,37,17,6,3,2,0,6,75,150,112,150,0,2,45,2,0,0,0,3,0,0
130,131,1,225,0,0,0,0,0,0,0,0,0,0,0,0,0,0,0,0,0,0,0,0,0,224,224,0,0,224,0,0,0,0,0,8,0,1,0,0,225,0,0,0,17,3,1,0,0,0,0,0,0,0,0,0,0,0,1,0,0,0,0,0
131,1,211,0,28,0,4,0,0,0,0,0,0,0,0,0,0,0,1,0,0,1,0,0,0,0,0,0,0,0,0,0,0,0,0,8,0,1,0,0,225,0,0,0,34,3,1,0,0,0,0,0,0,0,28,4,0,0,0,0,28,0,0,0
132,218,1,225,0,0,0,0,0,0,0,0,0,0,0,0,0,0,0,0,0,0,0,0,0,224,224,0,0,224,0,0,0,0,0,8,0,1,0,0,225,0,0,0,17,3,1,0,0,0,0,0,0,0,0,0,0,0,1,0,0,0,0,0
133,207,1,225,0,0,0,0,0,0,0,0,0,0,0,0,0,0,0,0,0,0,0,0,0,224,224,0,0,224,0,0,0,0,0,0,0,0,0,0,0,0,225,0,0,3,0,0,0,0,0,0,0,0,0,0,0,0,0,0,0,0,0,0
134,176,1,225,0,0,0,0,0,0,0,0,0,0,0,0,0,0,0,0,0,0,0,0,0,224,224,0,0,224,0,0,0,0,0,8,0,1,0,0,0,0,225,0,17,3,1,0,0,0,0,0,0,0,0,0,0,0,1,0,0,0,0,0
135,1,210,0,28,0,4,0,0,0,0,0,0,0,0,0,225,225,0,0,0,0,0,0,0,0,0,0,0,0,0,0,0,225,0,8,0,1,0,0,225,0,0,0,34,3,1,0,0,0,0,0,0,0,28,4,0,0,0,0,28,0,0,0
136,207,1,225,0,0,0,0,0,0,0,0,0,0,0,0,0,0,0,0,0,0,0,0,0,224,224,0,0,224,0,0,0,0,0,8,0,1,0,0,225,0,0,0,17,3,1,0,0,0,0,0,0,0,0,0,0,0,1,0,0,0,0,0
137,207,1,225,0,0,0,0,0,0,0,0,0,0,0,0,0,0,0,0,0,0,0,0,0,224,224,0,0,224,0,0,0,0,0,0,0,0,0,0,0,0,225,0,0,3,0,0,0,0,0,0,0,0,0,0,0,0,0,0,0,0,0,0
138,207,1,225,0,0,0,0,0,0,0,0,0,0,0,0,0,0,0,0,0,0,0,0,0,224,224,0,0,224,0,0,0,0,0,8,0,1,0,0,225,0,0,0,17,3,1,0,0,0,0,0,0,0,0,0,0,0,1,0,0,0,0,0
139,1,133,0,28,0,4,0,0,0,0,0,0,0,0,0,0,0,4,0,2,4,1,2,0,0,0,0,0,0,0,0,0,0,0,8,0,1,0,0,225,0,0,0,34,3,1,0,0,0,0,0,0,0,28,4,0,0,0,0,28,0,1,1
140,1,211,0,0,45,2,2,3,3,3,0,56,3,9,0,4,4,0,0,0,0,0,0,0,224,224,0,0,224,0,56,0,2,123,0,2,3,3,0,0,0,225,37,17,6,3,2,0,6,75,150,112,150,0,2,45,2,0,0,0,3,0,0
141,131,1,225,0,0,0,0,0,0,0,0,0,0,0,0,0,0,0,0,0,0,0,0,0,224,224,0,0,224,0,0,0,0,0,0,0,0,0,0,0,0,225,0,0,3,0,0,0,0,0,0,0,0,0,0,0,0,0,0,0,0,0,0
142,1,210,0,0,45,2,2,3,3,3,0,56,3,9,0,2,2,0,0,0,0,0,0,0,224,224,0,0,224,0,56,0,1,60,0,2,3,3,0,0,0,225,37,17,6,3,2,0,6,75,150,112,150,0,2,45,2,0,0,0,3,0,0
143,1,222,4,28,0,4,0,0,0,0,0,0,0,0,0,0,0,20,0,12,20,9,12,0,0,0,0,0,0,0,0,0,0,0,8,0,1,0,0,225,0,0,0,34,3,1,0,0,0,0,0,0,0,28,4,0,0,0,0,28,0,6,6
144,218,1,225,0,0,0,0,0,0,0,0,0,0,0,0,0,0,0,0,0,0,0,0,0,224,224,0,0,224,0,0,0,0,0,0,0,0,0,0,0,0,225,0,0,3,0,0,0,0,0,0,0,0,0,0,0,0,0,0,0,0,0,0
145,1,222,0,0,45,2,2,3,3,3,0,56,3,9,0,4,3,0,0,0,0,0,0,0,224,224,0,0,224,0,56,0,1,110,0,2,3,3,0,0,0,225,37,17,6,3,2,0,6,75,150,112,150,0,2,45,2,0,0,0,3,0,0
146,217,1,26,0,45,0,2,0,0,0,0,56,3,9,0,0,0,113,0,70,113,0,0,0,224,224,0,0,224,0,0,0,0,0,0,0,0,0,0,0,0,225,0,17,3,0,0,0,4,75,225,112,225,0,0,45,2,1,0,0,0,38,38
147,1,148,225,0,0,0,0,0,0,0,0,0,0,0,0,0,0,0,0,0,0,0,0,0,224,224,0,0,224,0,0,0,0,0,8,0,1,0,0,225,0,0,0,17,3,1,0,0,0,0,0,0,0,0,0,0,0,0,0,0,0,0,0
148,145,1,0,84,90,12,8,0,1,1,0,94,6,17,1,0,0,0,0,0,0,0,0,0,0,0,0,0,0,0,0,225,0,3,8,3,3,1,0,225,0,0,75,103,4,3,0,6,8,187,160,168,96,84,12,90,8,1,0,84,0,0,0
149,1,173,225,0,0,0,0,0,0,0,0,0,0,0,0,0,0,0,0,0,0,0,0,0,224,224,0,0,224,0,0,0,0,0,0,0,0,0,0,0,0,225,0,17,3,0,0,0,0,0,0,0,0,0,0,0,0,0,0,0,0,0,0
150,1,209,225,0,0,0,0,0,0,0,0,0,0,0,0,0,0,0,0,0,0,0,0,0,224,224,0,0,224,0,0,0,0,0,8,0,1,0,0,225,0,0,0,17,3,1,0,0,0,0,0,0,0,0,0,0,0,0,0,0,0,0,0
151,1,209,0,28,45,8,2,3,4,3,1,69,4,11,0,3,2,0,0,0,0,0,0,0,0,0,0,0,0,0,112,0,1,49,8,3,5,2,0,225,0,0,75,51,11,5,2,0,9,112,168,112,112,28,8,45,2,0,1,28,3,0,0
152,1,173,225,0,0,0,0,0,0,0,0,0,0,0,0,0,0,0,0,0,0,0,0,0,224,224,0,0,224,0,0,0,0,0,0,0,0,0,0,0,0,225,0,17,3,0,0,0,0,0,0,0,0,0,0,0,0,0,0,0,0,0,0
153,206,1,225,0,0,0,0,0,0,0,0,0,0,0,0,0,0,0,0,0,0,0,0,0,224,224,0,0,224,0,0,0,0,0,8,0,1,0,0,225,0,0,0,17,3,1,0,0,0,0,0,0,0,0,0,0,0,1,0,0,0,0,0
154,1,148,225,0,0,0,0,0,0,0,0,0,0,0,0,0,0,0,0,0,0,0,0,0,224,224,0,0,224,0,0,0,0,0,8,0,1,0,0,225,0,0,0,17,3,1,0,0,0,0,0,0,0,0,0,0,0,0,0,0,0,0,0
155,145,1,225,0,0,0,0,0,0,0,0,0,0,0,0,0,0,0,0,0,0,0,0,0,224,224,0,0,224,0,0,0,0,0,8,0,1,0,0,225,0,0,0,17,3,1,0,0,0,0,0,0,0,0,0,0,0,1,0,0,0,0,0
156,1,148,225,0,0,0,0,0,0,0,0,0,0,0,0,0,0,0,0,0,0,0,0,0,224,224,0,0,224,0,0,0,0,0,8,0,1,0,0,225,0,0,0,17,3,1,0,0,0,0,0,0,0,0,0,0,0,0,0,0,0,0,0
157,179,1,67,28,45,3,3,0,1,0,1,77,4,13,0,0,0,143,178,178,0,128,178,0,0,0,0,0,0,0,0,0,0,0,0,1,1,1,0,0,225,225,0,17,5,1,0,0,9,75,168,112,168,28,3,45,3,220,92,28,0,96,96
158,191,0,135,56,135,12,9,0,7,3,5,69,4,12,0,0,0,114,137,189,0,136,94,225,0,0,116,225,0,6,56,0,0,0,8,6,4,3,0,225,225,0,37,86,4,4,2,0,15,100,179,150,179,56,12,135,9,220,222,56,0,191,191
159,191,0,0,56,45,8,9,0,1,1,0,225,13,38,0,0,0,0,0,0,0,0,0,0,0,0,0,0,0,0,0,112,0,2,8,10,7,7,0,225,0,0,37,69,2,7,0,28,7,150,180,112,90,56,8,45,9,1,1,56,0,0,0
160,216,1,225,0,0,0,0,0,0,0,0,0,0,0,0,0,0,0,0,0,0,0,0,0,224,224,0,0,224,0,0,0,0,0,8,0,1,0,0,225,0,0,0,17,3,1,0,0,0,0,0,0,0,0,0,0,0,1,0,0,0,0,0
161,1,220,225,0,0,0,0,0,0,0,0,0,0,0,0,0,0,0,0,0,0,0,0,0,224,224,0,0,224,0,0,0,0,0,8,0,1,0,0,225,0,0,0,17,3,1,0,0,0,0,0,0,0,0,0,0,0,0,0,0,0,0,0
162,1,178,0,0,45,1,2,1,1,1,0,56,3,9,0,3,3,0,0,0,0,0,0,0,224,224,0,0,224,0,0,0,1,92,0,1,1,1,0,0,112,225,0,17,4,1,0,0,5,75,150,112,150,0,1,45,2,225,0,0,1,0,0
163,1,211,0,0,45,1,2,1,1,1,0,56,3,9,0,4,4,0,0,0,0,0,0,0,224,224,0,0,224,0,0,0,2,143,0,1,1,1,0,0,112,225,0,17,4,1,0,0,5,75,150,112,150,0,1,45,2,225,0,0,1,0,0
164,1,211,0,0,45,1,2,1,1,1,0,56,3,9,0,7,7,0,0,0,0,0,0,0,224,224,0,0,224,0,0,0,3,225,0,1,1,1,0,0,112,225,0,17,4,1,0,0,5,75,150,112,150,0,1,45,2,225,0,0,1,0,0
165,175,1,225,0,0,0,0,0,0,0,0,0,0,0,0,0,0,0,0,0,0,0,0,0,224,224,0,0,224,0,0,0,0,0,0,0,0,0,0,0,0,225,0,0,3,0,0,0,0,0,0,0,0,0,0,0,0,0,0,0,0,0,0
166,175,1,49,168,180,54,225,0,38,7,21,69,183,225,205,0,0,21,30,65,0,94,21,61,0,0,70,90,0,115,112,112,0,0,8,182,71,97,42,225,225,0,112,173,0,71,6,225,33,171,157,168,103,168,54,180,225,220,225,168,0,70,70
167,1,178,0,28,0,4,0,0,0,0,0,0,0,0,0,0,0,2,0,1,2,0,1,0,0,0,0,0,0,0,0,0,0,0,8,0,1,0,0,225,0,0,0,34,3,1,0,0,0,0,0,0,0,28,4,0,0,0,0,28,0,0,0
168,175,1,225,0,0,0,0,0,0,0,0,0,0,0,0,0,0,0,0,0,0,0,0,0,224,224,0,0,224,0,0,0,0,0,0,0,0,0,0,0,0,225,0,0,3,0,0,0,0,0,0,0,0,0,0,0,0,0,0,0,0,0,0
169,217,1,26,0,45,0,2,0,0,0,0,56,3,9,0,0,0,113,0,70,113,0,0,0,224,224,0,0,224,0,0,0,0,0,0,0,0,0,0,0,0,225,0,17,3,0,0,0,4,75,225,112,225,0,0,45,2,1,0,0,0,38,38
170,1,148,225,0,0,0,0,0,0,0,0,0,0,0,0,0,0,0,0,0,0,0,0,0,224,224,0,0,224,0,0,0,0,0,8,0,1,0,0,225,0,0,0,17,3,1,0,0,0,0,0,0,0,0,0,0,0,0,0,0,0,0,0
171,145,1,0,84,90,12,8,0,1,1,0,94,6,17,1,0,0,0,0,0,0,0,0,0,0,0,0,0,0,0,0,225,0,3,8,3,3,1,0,225,0,0,75,103,4,3,0,6,8,187,160,168,96,84,12,90,8,1,0,84,0,0,0
172,1,209,225,0,0,0,0,0,0,0,0,0,0,0,0,0,0,0,0,0,0,0,0,0,224,224,0,0,224,0,0,0,0,0,8,0,1,0,0,225,0,0,0,17,3,1,0,0,0,0,0,0,0,0,0,0,0,0,0,0,0,0,0
173,1,173,225,0,0,0,0,0,0,0,0,0,0,0,0,0,0,0,0,0,0,0,0,0,224,224,0,0,224,0,0,0,0,0,0,0,0,0,0,0,0,225,0,17,3,0,0,0,0,0,0,0,0,0,0,0,0,0,0,0,0,0,0
174,1,209,0,28,45,8,2,3,4,3,1,69,4,11,0,3,2,0,0,0,0,0,0,0,0,0,0,0,0,0,112,0,1,49,8,3,5,2,0,225,0,0,75,51,11,5,2,0,9,112,168,112,112,28,8,45,2,0,1,28,3,0,0
175,1,173,225,0,0,0,0,0,0,0,0,0,0,0,0,0,0,0,0,0,0,0,0,0,224,224,0,0,224,0,0,0,0,0,0,0,0,0,0,0,0,225,0,17,3,0,0,0,0,0,0,0,0,0,0,0,0,0,0,0,0,0,0
176,206,1,225,0,0,0,0,0,0,0,0,0,0,0,0,0,0,0,0,0,0,0,0,0,224,224,0,0,224,0,0,0,0,0,8,0,1,0,0,225,0,0,0,17,3,1,0,0,0,0,0,0,0,0,0,0,0,1,0,0,0,0,0
177,145,1,225,0,0,0,0,0,0,0,0,0,0,0,0,0,0,0,0,0,0,0,0,0,224,224,0,0,224,0,0,0,0,0,8,0,1,0,0,225,0,0,0,17,3,1,0,0,0,0,0,0,0,0,0,0,0,1,0,0,0,0,0
178,1,148,225,0,0,0,0,0,0,0,0,0,0,0,0,0,0,0,0,0,0,0,0,0,224,224,0,0,224,0,0,0,0,0,8,0,1,0,0,225,0,0,0,17,3,1,0,0,0,0,0,0,0,0,0,0,0,0,0,0,0,0,0
179,1,148,225,0,0,0,0,0,0,0,0,0,0,0,0,0,0,0,0,0,0,0,0,0,224,224,0,0,224,0,0,0,0,0,8,0,1,0,0,225,0,0,0,17,3,1,0,0,0,0,0,0,0,0,0,0,0,0,0,0,0,0,0
180,179,1,67,28,45,3,3,0,1,0,1,77,4,13,0,0,0,143,178,178,0,128,178,0,0,0,0,0,0,0,0,0,0,0,0,1,1,1,0,0,225,225,0,17,5,1,0,0,9,75,168,112,168,28,3,45,3,220,92,28,0,96,96
181,0,194,0,28,0,4,0,0,0,0,0,0,0,0,0,0,0,0,0,0,0,0,0,0,0,0,0,0,0,0,0,0,0,0,8,0,1,0,0,225,0,0,0,34,3,1,0,0,0,0,0,0,0,28,4,0,0,1,0,28,0,0,0
182,191,0,0,56,45,8,9,0,1,1,0,225,13,38,0,0,0,0,0,0,0,0,0,0,0,0,0,0,0,0,0,112,0,2,8,10,7,7,0,225,0,0,37,69,2,7,0,28,7,150,180,112,90,56,8,45,9,1,1,56,0,0,0
183,1,136,225,0,0,16,0,22,22,22,0,0,0,0,0,0,0,0,0,0,0,0,0,0,224,224,0,0,224,0,56,0,0,0,225,20,45,0,0,225,0,0,37,17,3,45,22,0,0,0,0,0,0,0,16,0,0,3,0,0,22,0,0
184,134,1,0,28,0,4,0,0,2,1,2,0,0,0,0,1,1,0,0,0,0,0,0,0,0,0,0,0,0,0,56,0,1,0,0,2,2,2,0,225,0,0,37,34,3,2,1,0,0,0,0,0,0,28,4,0,0,1,0,28,0,0,0
185,1,136,13,28,0,19,0,0,22,11,25,0,0,0,0,0,0,58,0,36,58,26,36,0,0,0,0,0,0,0,56,0,0,0,0,20,22,22,2,225,0,0,37,34,3,22,11,0,0,0,0,0,0,28,19,0,0,7,0,28,0,19,19
186,224,1,85,28,45,3,3,0,1,0,1,77,4,13,0,0,0,181,225,225,0,162,225,0,0,0,0,0,0,0,0,0,0,0,0,1,1,1,0,0,225,225,0,17,5,1,0,0,9,75,168,112,168,28,3,45,3,220,92,28,0,121,121
187,134,1,0,28,0,4,0,0,2,1,2,0,0,0,0,0,0,0,0,0,0,0,0,0,0,0,0,0,0,0,56,0,0,0,0,2,2,2,0,225,0,0,37,34,3,2,1,0,0,0,0,0,0,28,4,0,0,1,0,28,0,0,0
188,1,199,12,0,135,2,10,3,3,3,0,69,6,13,2,0,0,18,27,33,0,0,0,0,224,224,23,46,224,0,56,112,0,0,8,2,3,1,0,0,0,225,75,69,0,3,2,1,6,75,90,225,180,0,2,135,10,0,1,0,3,18,18
189,1,199,225,0,0,0,0,0,0,0,0,0,0,0,0,0,0,0,0,0,0,0,0,0,224,224,0,0,224,0,0,0,0,0,8,0,1,0,0,225,0,0,0,17,3,1,0,0,0,0,0,0,0,0,0,0,0,0,0,0,0,0,0
190,197,1,53,0,45,0,2,0,0,0,0,56,3,9,0,0,0,225,0,139,225,0,0,0,224,224,0,0,224,0,0,0,0,0,0,0,0,0,0,0,0,225,0,17,3,0,0,0,4,75,225,112,225,0,0,45,2,1,0,0,0,75,75
191,196,1,225,0,0,0,0,0,0,0,0,0,0,0,0,0,0,0,0,0,0,0,0,0,224,224,0,0,224,0,0,0,0,0,0,0,0,0,0,0,0,225,0,0,3,0,0,0,0,0,0,0,0,0,0,0,0,0,0,0,0,0,0
192,1,173,225,0,0,0,0,0,0,0,0,0,0,0,0,0,0,0,0,0,0,0,0,0,224,224,0,0,224,0,0,0,0,0,0,0,0,0,0,0,0,225,0,17,3,0,0,0,0,0,0,0,0,0,0,0,0,0,0,0,0,0,0
193,217,1,26,0,45,0,2,0,0,0,0,56,3,9,0,0,0,113,0,70,113,0,0,0,224,224,0,0,224,0,0,0,0,0,0,0,0,0,0,0,0,225,0,17,3,0,0,0,4,75,225,112,225,0,0,45,2,1,0,0,0,38,38
194,1,148,225,0,0,0,0,0,0,0,0,0,0,0,0,0,0,0,0,0,0,0,0,0,224,224,0,0,224,0,0,0,0,0,8,0,1,0,0,225,0,0,0,17,3,1,0,0,0,0,0,0,0,0,0,0,0,0,0,0,0,0,0
195,145,1,0,84,90,12,8,0,1,1,0,94,6,17,1,0,0,0,0,0,0,0,0,0,0,0,0,0,0,0,0,225,0,3,8,3,3,1,0,225,0,0,75,103,4,3,0,6,8,187,160,168,96,84,12,90,8,1,0,84,0,0,0
196,1,209,225,0,0,0,0,0,0,0,0,0,0,0,0,0,0,0,0,0,0,0,0,0,224,224,0,0,224,0,0,0,0,0,8,0,1,0,0,225,0,0,0,17,3,1,0,0,0,0,0,0,0,0,0,0,0,0,0,0,0,0,0
197,1,173,225,0,0,0,0,0,0,0,0,0,0,0,0,0,0,0,0,0,0,0,0,0,224,224,0,0,224,0,0,0,0,0,0,0,0,0,0,0,0,225,0,17,3,0,0,0,0,0,0,0,0,0,0,0,0,0,0,0,0,0,0
198,1,209,0,28,45,8,2,3,4,3,1,69,4,11,0,3,2,0,0,0,0,0,0,0,0,0,0,0,0,0,112,0,1,49,8,3,5,2,0,225,0,0,75,51,11,5,2,0,9,112,168,112,112,28,8,45,2,0,1,28,3,0,0
199,1,173,225,0,0,0,0,0,0,0,0,0,0,0,0,0,0,0,0,0,0,0,0,0,224,224,0,0,224,0,0,0,0,0,0,0,0,0,0,0,0,225,0,17,3,0,0,0,0,0,0,0,0,0,0,0,0,0,0,0,0,0,0
200,206,1,225,0,0,0,0,0,0,0,0,0,0,0,0,0,0,0,0,0,0,0,0,0,224,224,0,0,224,0,0,0,0,0,8,0,1,0,0,225,0,0,0,17,3,1,0,0,0,0,0,0,0,0,0,0,0,1,0,0,0,0,0
201,1,148,225,0,0,0,0,0,0,0,0,0,0,0,0,0,0,0,0,0,0,0,0,0,224,224,0,0,224,0,0,0,0,0,8,0,1,0,0,225,0,0,0,17,3,1,0,0,0,0,0,0,0,0,0,0,0,0,0,0,0,0,0
202,145,1,225,0,0,0,0,0,0,0,0,0,0,0,0,0,0,0,0,0,0,0,0,0,224,224,0,0,224,0,0,0,0,0,8,0,1,0,0,225,0,0,0,17,3,1,0,0,0,0,0,0,0,0,0,0,0,1,0,0,0,0,0
203,1,148,225,0,0,0,0,0,0,0,0,0,0,0,0,0,0,0,0,0,0,0,0,0,224,224,0,0,224,0,0,0,0,0,8,0,1,0,0,225,0,0,0,17,3,1,0,0,0,0,0,0,0,0,0,0,0,0,0,0,0,0,0
204,179,1,67,28,45,3,3,0,1,0,1,77,4,13,0,0,0,143,178,178,0,128,178,0,0,0,0,0,0,0,0,0,0,0,0,1,1,1,0,0,225,225,0,17,5,1,0,0,9,75,168,112,168,28,3,45,3,220,92,28,0,96,96
205,0,194,0,28,0,4,0,0,0,0,0,0,0,0,0,0,0,0,0,0,0,0,0,0,0,0,0,0,0,0,0,0,0,0,8,0,1,0,0,225,0,0,0,34,3,1,0,0,0,0,0,0,0,28,4,0,0,1,0,28,0,0,0
206,191,0,0,56,45,8,9,0,1,1,0,225,13,38,0,0,0,0,0,0,0,0,0,0,0,0,0,0,0,0,0,112,0,2,8,10,7,7,0,225,0,0,37,69,2,7,0,28,7,150,180,112,90,56,8,45,9,1,1,56,0,0,0
207,225,1,67,28,45,3,3,0,1,0,1,77,4,13,0,0,0,142,176,176,0,127,176,0,0,0,0,0,0,0,0,0,0,0,0,1,1,1,0,0,225,225,0,17,5,1,0,0,9,75,168,112,168,28,3,45,3,220,92,28,0,95,95
208,1,135,225,0,0,0,0,0,0,0,0,0,0,0,0,0,0,0,0,0,0,0,0,0,224,224,0,0,224,0,0,0,0,0,8,0,1,0,0,225,0,0,0,17,3,1,0,0,0,0,0,0,0,0,0,0,0,1,0,0,0,0,0
209,132,1,225,0,0,0,0,0,0,0,0,0,0,0,0,0,0,0,0,0,0,0,0,0,224,224,0,0,224,0,0,0,0,0,8,0,1,0,0,225,0,0,0,17,3,1,0,0,0,0,0,0,0,0,0,0,0,1,0,0,0,0,0
210,1,174,225,0,0,0,0,0,0,0,0,0,0,0,0,0,0,0,0,0,0,0,0,0,224,224,0,0,224,0,0,0,0,0,0,0,0,0,0,0,0,225,0,17,3,0,0,0,0,0,0,0,0,0,0,0,0,0,0,0,0,0,0
211,1,135,225,0,0,0,0,0,0,0,0,0,0,0,0,0,0,0,0,0,0,0,0,0,224,224,0,0,224,0,0,0,0,0,8,0,1,0,0,225,0,0,0,17,3,1,0,0,0,0,0,0,0,0,0,0,0,1,0,0,0,0,0
212,151,0,225,0,0,0,0,0,0,0,0,0,0,0,0,0,0,0,0,0,0,0,0,0,224,224,0,0,224,0,0,0,0,0,8,0,1,0,0,225,0,0,0,17,3,1,0,0,0,0,0,0,0,0,0,0,0,1,0,0,0,0,0
213,1,220,225,0,0,0,0,0,0,0,0,0,0,0,0,0,0,0,0,0,0,0,0,0,224,224,0,0,224,0,0,0,0,0,0,0,0,0,0,0,0,225,0,0,3,0,0,0,0,0,0,0,0,0,0,0,0,0,0,0,0,0,0
214,216,1,158,225,225,225,174,0,102,30,62,69,225,139,225,0,0,51,70,109,0,225,39,89,0,0,225,216,0,7,225,225,0,0,8,225,75,99,43,225,225,0,225,225,3,75,29,134,159,141,191,135,121,225,225,225,174,220,99,225,0,225,225
215,1,220,225,0,0,0,0,0,0,0,0,0,0,0,0,0,0,0,0,0,0,0,0,0,224,224,0,0,224,0,0,0,0,0,0,0,0,0,0,0,0,225,0,0,3,0,0,0,0,0,0,0,0,0,0,0,0,0,0,0,0,0,0
216,1,134,225,0,0,0,0,0,0,0,0,0,0,0,0,0,0,0,0,0,0,0,0,0,224,224,0,0,224,0,0,0,0,0,8,0,1,0,0,225,0,0,0,17,3,1,0,0,0,0,0,0,0,0,0,0,0,1,0,0,0,0,0
217,216,1,3,112,90,17,18,0,3,1,1,101,19,36,21,0,0,2,4,7,0,6,2,6,0,0,0,0,0,0,56,225,0,0,8,16,8,8,0,225,0,0,112,121,2,8,0,25,9,225,168,168,84,112,17,90,18,1,0,112,0,4,4
218,0,153,225,0,0,0,0,0,0,0,0,0,0,0,0,0,0,0,0,0,0,0,0,0,224,224,0,0,224,0,0,0,0,0,0,0,0,0,0,0,0,225,0,0,3,0,0,0,0,0,0,0,0,0,0,0,0,0,0,0,0,0,0
219,1,134,225,0,0,0,0,0,0,0,0,0,0,0,0,0,0,0,0,0,0,0,0,0,224,224,0,0,224,0,0,0,0,0,0,0,0,0,0,0,0,225,0,0,3,0,0,0,0,0,0,0,0,0,0,0,0,0,0,0,0,0,0
220,126,1,0,28,0,5,0,0,3,1,2,0,0,0,0,3,2,0,0,0,0,0,0,0,0,0,0,0,0,0,56,0,2,0,8,2,3,2,0,225,0,0,37,34,3,3,1,0,0,0,0,0,0,28,5,0,0,1,0,28,0,0,0
221,1,134,225,0,0,0,0,0,0,0,0,0,0,0,0,0,0,0,0,0,0,0,0,0,224,224,0,0,224,0,0,0,0,0,0,0,0,0,0,0,0,225,0,0,3,0,0,0,0,0,0,0,0,0,0,0,0,0,0,0,0,0,0
222,1,128,225,0,0,0,0,0,0,0,0,0,0,0,0,0,0,0,0,0,0,0,0,0,224,224,0,0,224,0,0,0,0,0,8,0,1,0,0,225,0,0,0,17,3,1,0,0,0,0,0,0,0,0,0,0,0,0,0,0,0,0,0
223,132,1,3,112,90,17,18,0,3,1,1,101,19,36,21,0,0,2,4,8,0,6,2,7,0,0,0,0,0,0,56,225,0,0,8,16,8,8,0,225,0,0,112,121,2,8,0,25,9,225,168,168,84,112,17,90,18,1,1,112,0,4,4
224,191,0,115,56,135,12,9,0,7,3,5,69,4,12,0,0,0,97,108,145,0,103,71,170,0,0,112,215,0,225,56,0,0,0,8,6,4,3,0,225,225,0,37,86,4,4,2,0,15,100,179,150,179,56,12,135,9,220,222,56,0,163,163
225,126,1,225,0,0,0,0,0,0,0,0,0,0,0,0,0,0,0,0,0,0,0,0,0,224,224,0,0,224,0,0,0,0,0,0,0,0,0,0,0,0,225,0,0,3,0,0,0,0,0,0,0,0,0,0,0,0,0,0,0,0,0,0
226,1,128,0,0,45,2,2,3,3,3,0,56,3,9,0,1,1,0,0,0,0,0,0,0,224,224,0,0,224,0,56,0,0,46,0,2,3,3,0,0,0,225,37,17,6,3,2,0,6,75,150,112,150,0,2,45,2,0,0,0,3,0,0
227,191,0,2,56,45,8,9,0,1,1,0,225,13,38,0,0,0,3,5,7,0,5,3,8,0,0,0,0,0,0,0,112,0,0,8,10,7,7,0,225,0,0,37,69,2,7,0,28,7,150,180,112,90,56,8,45,9,1,1,56,0,3,3
228,151,0,107,84,45,16,3,0,7,2,4,77,4,13,0,0,0,114,115,142,0,203,94,137,0,0,0,0,0,0,56,0,0,0,8,6,4,3,0,225,225,0,37,69,17,4,1,0,20,93,175,112,140,84,16,45,3,220,222,84,0,152,152
229,0,153,225,0,0,0,0,0,0,0,0,0,0,0,0,0,0,0,0,0,0,0,0,0,224,224,0,0,224,0,0,0,0,0,0,0,0,0,0,0,0,225,0,0,3,0,0,0,0,0,0,0,0,0,0,0,0,0,0,0,0,0,0
230,196,1,73,28,45,3,3,0,1,0,1,77,4,13,0,0,0,154,191,191,0,138,191,0,0,0,0,0,0,0,0,0,0,0,0,1,1,1,0,0,225,225,0,17,5,1,0,0,9,75,168,112,168,28,3,45,3,220,92,28,0,103,103
231,133,1,225,0,0,0,0,0,0,0,0,0,0,0,0,0,0,0,0,0,0,0,0,0,224,224,0,0,224,0,0,0,0,0,8,0,1,0,0,225,0,0,0,17,3,1,0,0,0,0,0,0,0,0,0,0,0,1,0,0,0,0,0
232,1,168,0,28,45,8,2,3,4,3,1,69,4,11,0,5,3,0,0,0,0,0,0,0,0,0,0,0,0,0,112,0,2,71,8,3,5,2,0,225,0,0,75,51,11,5,2,0,9,112,168,112,112,28,8,45,2,0,1,28,3,0,0
233,178,1,0,28,0,5,0,0,3,1,2,0,0,0,0,3,2,0,0,0,0,0,0,0,0,0,0,0,0,0,56,0,2,0,8,2,3,2,0,225,0,0,37,34,3,3,1,0,0,0,0,0,0,28,5,0,0,1,0,28,0,0,0
234,1,168,0,0,90,3,5,4,4,4,0,69,4,11,0,0,0,0,0,0,0,0,0,0,224,224,0,0,224,5,56,0,0,9,8,3,3,2,0,225,0,0,37,51,2,3,3,0,7,75,112,168,168,0,3,90,5,0,1,0,4,0,0
235,1,181,225,0,0,0,0,0,0,0,0,0,0,0,0,0,0,0,0,0,0,0,0,0,224,224,0,0,224,0,0,0,0,0,8,0,1,0,0,225,0,0,0,17,3,1,0,0,0,0,0,0,0,0,0,0,0,0,0,0,0,0,0
236,1,168,225,0,0,2,0,3,3,3,0,0,0,0,0,0,0,0,0,0,0,0,0,0,224,224,0,0,224,0,56,0,0,0,30,2,6,0,0,225,0,0,37,17,3,6,2,0,0,0,0,0,0,0,2,0,0,0,0,0,3,0,0
237,178,1,225,0,0,0,0,0,0,0,0,0,0,0,0,0,0,0,0,0,0,0,0,0,224,224,0,0,224,0,0,0,0,0,0,0,0,0,0,0,0,225,0,0,3,0,0,0,0,0,0,0,0,0,0,0,0,0,0,0,0,0,0
238,165,1,225,0,0,0,0,0,0,0,0,0,0,0,0,0,0,0,0,0,0,0,0,0,224,224,0,0,224,0,0,0,0,0,0,0,0,0,0,0,0,225,0,0,3,0,0,0,0,0,0,0,0,0,0,0,0,0,0,0,0,0,0
239,1,181,0,0,45,2,2,3,3,3,0,56,3,9,0,2,1,0,0,0,0,0,0,0,224,224,0,0,224,0,56,0,0,57,0,2,3,3,0,0,0,225,37,17,6,3,2,0,6,75,150,112,150,0,2,45,2,0,0,0,3,0,0
240,1,225,225,0,0,0,0,0,0,0,0,0,0,0,0,0,0,0,0,0,0,0,0,0,225,225,0,0,225,0,0,0,0,0,8,0,1,0,0,225,0,0,0,17,3,1,0,0,0,0,0,0,0,0,0,0,0,0,0,0,0,0,0
241,1,168,0,0,45,0,2,0,0,0,0,56,3,9,0,2,3,0,0,0,0,0,0,0,224,224,0,0,224,0,0,0,1,93,0,0,0,0,0,0,0,225,0,17,3,0,0,0,4,75,150,112,150,0,0,45,2,0,0,0,0,0,0
242,221,1,0,84,90,12,8,0,1,1,0,94,6,17,1,0,0,0,0,0,0,0,0,0,0,0,0,0,0,0,0,225,0,4,8,3,3,1,0,225,0,0,75,103,4,3,0,6,8,187,160,168,96,84,12,90,8,1,0,84,0,0,0
243,217,1,26,0,45,0,2,0,0,0,0,56,3,9,0,0,0,113,0,70,113,0,0,0,224,224,0,0,224,0,0,0,0,0,0,0,0,0,0,0,0,225,0,17,3,0,0,0,4,75,225,112,225,0,0,45,2,1,0,0,0,38,38
244,1,148,225,0,0,0,0,0,0,0,0,0,0,0,0,0,0,0,0,0,0,0,0,0,224,224,0,0,224,0,0,0,0,0,8,0,1,0,0,225,0,0,0,17,3,1,0,0,0,0,0,0,0,0,0,0,0,0,0,0,0,0,0
245,145,1,0,84,90,12,8,0,1,1,0,94,6,17,1,0,0,0,0,0,0,0,0,0,0,0,0,0,0,0,0,225,0,3,8,3,3,1,0,225,0,0,75,103,4,3,0,6,8,187,160,168,96,84,12,90,8,1,0,84,0,0,0
246,1,173,225,0,0,0,0,0,0,0,0,0,0,0,0,0,0,0,0,0,0,0,0,0,224,224,0,0,224,0,0,0,0,0,0,0,0,0,0,0,0,225,0,17,3,0,0,0,0,0,0,0,0,0,0,0,0,0,0,0,0,0,0
247,1,209,225,0,0,0,0,0,0,0,0,0,0,0,0,0,0,0,0,0,0,0,0,0,224,224,0,0,224,0,0,0,0,0,8,0,1,0,0,225,0,0,0,17,3,1,0,0,0,0,0,0,0,0,0,0,0,0,0,0,0,0,0
248,1,209,0,28,45,8,2,3,4,3,1,69,4,11,0,3,2,0,0,0,0,0,0,0,0,0,0,0,0,0,112,0,1,49,8,3,5,2,0,225,0,0,75,51,11,5,2,0,9,112,168,112,112,28,8,45,2,0,1,28,3,0,0
249,1,173,225,0,0,0,0,0,0,0,0,0,0,0,0,0,0,0,0,0,0,0,0,0,224,224,0,0,224,0,0,0,0,0,0,0,0,0,0,0,0,225,0,17,3,0,0,0,0,0,0,0,0,0,0,0,0,0,0,0,0,0,0
250,206,1,225,0,0,0,0,0,0,0,0,0,0,0,0,0,0,0,0,0,0,0,0,0,224,224,0,0,224,0,0,0,0,0,8,0,1,0,0,225,0,0,0,17,3,1,0,0,0,0,0,0,0,0,0,0,0,1,0,0,0,0,0
251,1,148,225,0,0,0,0,0,0,0,0,0,0,0,0,0,0,0,0,0,0,0,0,0,224,224,0,0,224,0,0,0,0,0,8,0,1,0,0,225,0,0,0,17,3,1,0,0,0,0,0,0,0,0,0,0,0,0,0,0,0,0,0
252,145,1,225,0,0,0,0,0,0,0,0,0,0,0,0,0,0,0,0,0,0,0,0,0,224,224,0,0,224,0,0,0,0,0,8,0,1,0,0,225,0,0,0,17,3,1,0,0,0,0,0,0,0,0,0,0,0,1,0,0,0,0,0
253,1,148,225,0,0,0,0,0,0,0,0,0,0,0,0,0,0,0,0,0,0,0,0,0,224,224,0,0,224,0,0,0,0,0,8,0,1,0,0,225,0,0,0,17,3,1,0,0,0,0,0,0,0,0,0,0,0,0,0,0,0,0,0
254,179,1,67,28,45,3,3,0,1,0,1,77,4,13,0,0,0,143,178,178,0,128,178,0,0,0,0,0,0,0,0,0,0,0,0,1,1,1,0,0,225,225,0,17,5,1,0,0,9,75,168,112,168,28,3,45,3,220,92,28,0,96,96
255,191,0,135,56,135,12,9,0,7,3,5,69,4,12,0,0,0,114,137,189,0,136,94,225,0,0,116,225,0,6,56,0,0,0,8,6,4,3,0,225,225,0,37,86,4,4,2,0,15,100,179,150,179,56,12,135,9,220,222,56,0,191,191
256,191,0,0,56,45,8,9,0,1,1,0,225,13,38,0,0,0,0,0,0,0,0,0,0,0,0,0,0,0,0,0,112,0,2,8,10,7,7,0,225,0,0,37,69,2,7,0,28,7,150,180,112,90,56,8,45,9,1,1,56,0,0,0
257,217,1,26,0,45,0,2,0,0,0,0,56,3,9,0,0,0,113,0,70,113,0,0,0,224,224,0,0,224,0,0,0,0,0,0,0,0,0,0,0,0,225,0,17,3,0,0,0,4,75,225,112,225,0,0,45,2,1,0,0,0,38,38
258,1,148,225,0,0,0,0,0,0,0,0,0,0,0,0,0,0,0,0,0,0,0,0,0,224,224,0,0,224,0,0,0,0,0,8,0,1,0,0,225,0,0,0,17,3,1,0,0,0,0,0,0,0,0,0,0,0,0,0,0,0,0,0
259,145,1,0,84,90,12,8,0,1,1,0,94,6,17,1,0,0,0,0,0,0,0,0,0,0,0,0,0,0,0,0,225,0,3,8,3,3,1,0,225,0,0,75,103,4,3,0,6,8,187,160,168,96,84,12,90,8,1,0,84,0,0,0
260,1,209,225,0,0,0,0,0,0,0,0,0,0,0,0,0,0,0,0,0,0,0,0,0,224,224,0,0,224,0,0,0,0,0,8,0,1,0,0,225,0,0,0,17,3,1,0,0,0,0,0,0,0,0,0,0,0,0,0,0,0,0,0
261,1,173,225,0,0,0,0,0,0,0,0,0,0,0,0,0,0,0,0,0,0,0,0,0,224,224,0,0,224,0,0,0,0,0,0,0,0,0,0,0,0,225,0,17,3,0,0,0,0,0,0,0,0,0,0,0,0,0,0,0,0,0,0
262,1,209,0,28,45,8,2,3,4,3,1,69,4,11,0,3,2,0,0,0,0,0,0,0,0,0,0,0,0,0,112,0,1,49,8,3,5,2,0,225,0,0,75,51,11,5,2,0,9,112,168,112,112,28,8,45,2,0,1,28,3,0,0
263,1,173,225,0,0,0,0,0,0,0,0,0,0,0,0,0,0,0,0,0,0,0,0,0,224,224,0,0,224,0,0,0,0,0,0,0,0,0,0,0,0,225,0,17,3,0,0,0,0,0,0,0,0,0,0,0,0,0,0,0,0,0,0
264,206,1,225,0,0,0,0,0,0,0,0,0,0,0,0,0,0,0,0,0,0,0,0,0,224,224,0,0,224,0,0,0,0,0,8,0,1,0,0,225,0,0,0,17,3,1,0,0,0,0,0,0,0,0,0,0,0,1,0,0,0,0,0
265,1,148,225,0,0,0,0,0,0,0,0,0,0,0,0,0,0,0,0,0,0,0,0,0,224,224,0,0,224,0,0,0,0,0,8,0,1,0,0,225,0,0,0,17,3,1,0,0,0,0,0,0,0,0,0,0,0,0,0,0,0,0,0
266,1,148,225,0,0,0,0,0,0,0,0,0,0,0,0,0,0,0,0,0,0,0,0,0,224,224,0,0,224,0,0,0,0,0,8,0,1,0,0,225,0,0,0,17,3,1,0,0,0,0,0,0,0,0,0,0,0,0,0,0,0,0,0
267,145,1,225,0,0,0,0,0,0,0,0,0,0,0,0,0,0,0,0,0,0,0,0,0,224,224,0,0,224,0,0,0,0,0,8,0,1,0,0,225,0,0,0,17,3,1,0,0,0,0,0,0,0,0,0,0,0,1,0,0,0,0,0
268,179,1,67,28,45,3,3,0,1,0,1,77,4,13,0,0,0,143,178,178,0,128,178,0,0,0,0,0,0,0,0,0,0,0,0,1,1,1,0,0,225,225,0,17,5,1,0,0,9,75,168,112,168,28,3,45,3,220,92,28,0,96,96
269,0,194,0,28,0,4,0,0,0,0,0,0,0,0,0,0,0,0,0,0,0,0,0,0,0,0,0,0,0,0,0,0,0,0,8,0,1,0,0,225,0,0,0,34,3,1,0,0,0,0,0,0,0,28,4,0,0,1,0,28,0,0,0
270,191,0,0,56,45,8,9,0,1,1,0,225,13,38,0,0,0,0,0,0,0,0,0,0,0,0,0,0,0,0,0,112,0,2,8,10,7,7,0,225,0,0,37,69,2,7,0,28,7,150,180,112,90,56,8,45,9,1,1,56,0,0,0
271,217,1,26,0,45,0,2,0,0,0,0,56,3,9,0,0,0,113,0,70,113,0,0,0,224,224,0,0,224,0,0,0,0,0,0,0,0,0,0,0,0,225,0,17,3,0,0,0,4,75,225,112,225,0,0,45,2,1,0,0,0,38,38
272,1,148,225,0,0,0,0,0,0,0,0,0,0,0,0,0,0,0,0,0,0,0,0,0,224,224,0,0,224,0,0,0,0,0,8,0,1,0,0,225,0,0,0,17,3,1,0,0,0,0,0,0,0,0,0,0,0,0,0,0,0,0,0
273,145,1,0,84,90,12,8,0,1,1,0,94,6,17,1,0,0,0,0,0,0,0,0,0,0,0,0,0,0,0,0,225,0,3,8,3,3,1,0,225,0,0,75,103,4,3,0,6,8,187,160,168,96,84,12,90,8,1,0,84,0,0,0
274,1,173,225,0,0,0,0,0,0,0,0,0,0,0,0,0,0,0,0,0,0,0,0,0,224,224,0,0,224,0,0,0,0,0,0,0,0,0,0,0,0,225,0,17,3,0,0,0,0,0,0,0,0,0,0,0,0,0,0,0,0,0,0
275,1,209,225,0,0,0,0,0,0,0,0,0,0,0,0,0,0,0,0,0,0,0,0,0,224,224,0,0,224,0,0,0,0,0,8,0,1,0,0,225,0,0,0,17,3,1,0,0,0,0,0,0,0,0,0,0,0,0,0,0,0,0,0
276,1,209,0,28,45,8,2,3,4,3,1,69,4,11,0,3,2,0,0,0,0,0,0,0,0,0,0,0,0,0,112,0,1,49,8,3,5,2,0,225,0,0,75,51,11,5,2,0,9,112,168,112,112,28,8,45,2,0,1,28,3,0,0
277,1,173,225,0,0,0,0,0,0,0,0,0,0,0,0,0,0,0,0,0,0,0,0,0,224,224,0,0,224,0,0,0,0,0,0,0,0,0,0,0,0,225,0,17,3,0,0,0,0,0,0,0,0,0,0,0,0,0,0,0,0,0,0
278,206,1,225,0,0,0,0,0,0,0,0,0,0,0,0,0,0,0,0,0,0,0,0,0,224,224,0,0,224,0,0,0,0,0,8,0,1,0,0,225,0,0,0,17,3,1,0,0,0,0,0,0,0,0,0,0,0,1,0,0,0,0,0
279,1,148,225,0,0,0,0,0,0,0,0,0,0,0,0,0,0,0,0,0,0,0,0,0,224,224,0,0,224,0,0,0,0,0,8,0,1,0,0,225,0,0,0,17,3,1,0,0,0,0,0,0,0,0,0,0,0,0,0,0,0,0,0
280,145,1,225,0,0,0,0,0,0,0,0,0,0,0,0,0,0,0,0,0,0,0,0,0,224,224,0,0,224,0,0,0,0,0,8,0,1,0,0,225,0,0,0,17,3,1,0,0,0,0,0,0,0,0,0,0,0,1,0,0,0,0,0
281,1,148,225,0,0,0,0,0,0,0,0,0,0,0,0,0,0,0,0,0,0,0,0,0,224,224,0,0,224,0,0,0,0,0,8,0,1,0,0,225,0,0,0,17,3,1,0,0,0,0,0,0,0,0,0,0,0,0,0,0,0,0,0
282,179,1,67,28,45,3,3,0,1,0,1,77,4,13,0,0,0,143,178,178,0,128,178,0,0,0,0,0,0,0,0,0,0,0,0,1,1,1,0,0,225,225,0,17,5,1,0,0,9,75,168,112,168,28,3,45,3,220,92,28,0,96,96
283,0,194,0,28,0,4,0,0,0,0,0,0,0,0,0,0,0,0,0,0,0,0,0,0,0,0,0,0,0,0,0,0,0,0,8,0,1,0,0,225,0,0,0,34,3,1,0,0,0,0,0,0,0,28,4,0,0,1,0,28,0,0,0
284,191,0,0,56,45,8,9,0,1,1,0,225,13,38,0,0,0,0,0,0,0,0,0,0,0,0,0,0,0,0,0,112,0,2,8,10,7,7,0,225,0,0,37,69,2,7,0,28,7,150,180,112,90,56,8,45,9,1,1,56,0,0,0
285,217,1,26,0,45,0,2,0,0,0,0,56,3,9,0,0,0,113,0,70,113,0,0,0,224,224,0,0,224,0,0,0,0,0,0,0,0,0,0,0,0,225,0,17,3,0,0,0,4,75,225,112,225,0,0,45,2,1,0,0,0,38,38
286,1,148,225,0,0,0,0,0,0,0,0,0,0,0,0,0,0,0,0,0,0,0,0,0,224,224,0,0,224,0,0,0,0,0,8,0,1,0,0,225,0,0,0,17,3,1,0,0,0,0,0,0,0,0,0,0,0,0,0,0,0,0,0
287,145,1,0,84,90,12,8,0,1,1,0,94,6,17,1,0,0,0,0,0,0,0,0,0,0,0,0,0,0,0,0,225,0,3,8,3,3,1,0,225,0,0,75,103,4,3,0,6,8,187,160,168,96,84,12,90,8,1,0,84,0,0,0
288,1,173,225,0,0,0,0,0,0,0,0,0,0,0,0,0,0,0,0,0,0,0,0,0,224,224,0,0,224,0,0,0,0,0,0,0,0,0,0,0,0,225,0,17,3,0,0,0,0,0,0,0,0,0,0,0,0,0,0,0,0,0,0
289,1,209,225,0,0,0,0,0,0,0,0,0,0,0,0,0,0,0,0,0,0,0,0,0,224,224,0,0,224,0,0,0,0,0,8,0,1,0,0,225,0,0,0,17,3,1,0,0,0,0,0,0,0,0,0,0,0,0,0,0,0,0,0
290,1,209,0,28,45,8,2,3,4,3,1,69,4,11,0,3,2,0,0,0,0,0,0,0,0,0,0,0,0,0,112,0,1,49,8,3,5,2,0,225,0,0,75,51,11,5,2,0,9,112,168,112,112,28,8,45,2,0,1,28,3,0,0
291,1,173,225,0,0,0,0,0,0,0,0,0,0,0,0,0,0,0,0,0,0,0,0,0,224,224,0,0,224,0,0,0,0,0,0,0,0,0,0,0,0,225,0,17,3,0,0,0,0,0,0,0,0,0,0,0,0,0,0,0,0,0,0
292,206,1,225,0,0,0,0,0,0,0,0,0,0,0,0,0,0,0,0,0,0,0,0,0,224,224,0,0,224,0,0,0,0,0,8,0,1,0,0,225,0,0,0,17,3,1,0,0,0,0,0,0,0,0,0,0,0,1,0,0,0,0,0
293,1,148,225,0,0,0,0,0,0,0,0,0,0,0,0,0,0,0,0,0,0,0,0,0,224,224,0,0,224,0,0,0,0,0,8,0,1,0,0,225,0,0,0,17,3,1,0,0,0,0,0,0,0,0,0,0,0,0,0,0,0,0,0
294,145,1,225,0,0,0,0,0,0,0,0,0,0,0,0,0,0,0,0,0,0,0,0,0,224,224,0,0,224,0,0,0,0,0,8,0,1,0,0,225,0,0,0,17,3,1,0,0,0,0,0,0,0,0,0,0,0,1,0,0,0,0,0
295,1,148,225,0,0,0,0,0,0,0,0,0,0,0,0,0,0,0,0,0,0,0,0,0,224,224,0,0,224,0,0,0,0,0,8,0,1,0,0,225,0,0,0,17,3,1,0,0,0,0,0,0,0,0,0,0,0,0,0,0,0,0,0
296,179,1,67,28,45,3,3,0,1,0,1,77,4,13,0,0,0,143,178,178,0,128,178,0,0,0,0,0,0,0,0,0,0,0,0,1,1,1,0,0,225,225,0,17,5,1,0,0,9,75,168,112,168,28,3,45,3,220,92,28,0,96,96
297,0,194,0,28,0,4,0,0,0,0,0,0,0,0,0,0,0,0,0,0,0,0,0,0,0,0,0,0,0,0,0,0,0,0,8,0,1,0,0,225,0,0,0,34,3,1,0,0,0,0,0,0,0,28,4,0,0,1,0,28,0,0,0
298,191,0,0,56,45,8,9,0,1,1,0,225,13,38,0,0,0,0,0,0,0,0,0,0,0,0,0,0,0,0,0,112,0,2,8,10,7,7,0,225,0,0,37,69,2,7,0,28,7,150,180,112,90,56,8,45,9,1,1,56,0,0,0
